,Model,Train R2,Test R2,Train MAPE,Test MAPE,Best Model,Best Params,Train Preds,Test Preds
6,CatBoost,0.8991528656957055,0.8318311141556511,0.06389176934929318,0.08107538243050984,<catboost.core.CatBoostRegressor object at 0x135a7af50>,"{'depth': 6, 'learning_rate': 0.05, 'n_estimators': 1000}","[137.02733941 133.92942586 137.13695271 ...  94.23565991 139.72954087
 141.14080195]","[157.973887   117.06039507 188.85305546 138.55928928 113.10920402
 126.68482426 182.94639389 127.73788183 106.04755866 107.18442888
 110.10684516  67.29909126 107.09204822 100.33416037  47.85327204
 140.24391012 109.08286581  78.38709303 169.15326544  80.43909837
 195.81997401 142.94190654 128.03162548 107.76689937 179.95559484
 107.5832483   97.37611011 118.42946977 142.87719267 185.30641472
 183.56576788 123.76264845 115.6704239  122.28400259 107.59173549
 100.03656866 189.91137253 180.82297531 119.16542742 136.22545126
 101.90137337 200.45885347 128.52775238 129.37323426 173.02099941
 168.52396455 112.39454502 117.45388904  89.79466308 105.53247264
 123.60621641  95.13511367 130.83900791 116.61657771 110.02811976
 111.55399583  97.1057041  136.53234164 118.204421   112.70831101
 116.42334488 118.59940719 133.23270483 125.98502814 190.37738718
 180.06819463  89.35213096  83.82892196 116.64749245 129.98068053
  94.18636224 148.67962385 106.49802951 131.08126642 107.60485111
 165.61919274  95.62967474 140.44746019 144.28051805 108.8734879
 128.77015079 147.42723992 111.19720061 114.32141778 189.52828959
 131.03598186  86.65904852 113.27857273 102.98590283 141.91658286
 107.85555525 175.94915949 130.99787495 173.67357124 103.57848043
  88.21023964  94.38172096 107.04720658  95.3160791  112.57701602
 158.50125829 133.14412106 112.64385335 115.18513233 105.24205329
 111.800497   147.50264653  74.51789183 109.01111588 128.23713115
  95.25544716  99.65281986 129.43380468 164.07490965 129.47273876
 112.87863251 136.36406339 160.73808312 110.37976035  92.13798061
 181.95506358 138.64349218 153.11939644 118.55284824 115.08083394
 112.99987641  89.44846312 122.40378173 104.12695068 145.64412207
 135.49844238 123.8659085  113.83050755 128.36720333 103.98527351
  51.87953158 112.64637395 109.19814817 105.17704458 129.12215156
  79.09208482 157.93877249 144.79546887 123.77046052 110.92832748
 128.6364362  117.01840626 129.98522012 101.88021021 120.7556666
 116.51168626 107.11343856 105.6740402  122.84820567 112.49837543
 183.60172516 126.72468205 139.09027831 112.08167398 181.33385087
 187.77008758 139.28507142 127.73971365 177.25246324 120.80168684
  71.26235502 106.99100802  94.17225673 129.51882834 115.78399522
  99.41139217 155.22592298 144.71229054 109.91779774 145.93596651
  44.87646802 148.72343681  99.21930683 132.46254817 102.81570585
 111.56679186 131.36237801  94.06826824 165.74922876 101.0006429
 107.25211193 148.88250819 203.83370955 144.92587452 108.32373381
  99.74975938 161.73829866 150.87264999  70.38965252  59.09119994
 136.75291609 101.4134967  113.99073116 130.83900791 157.59674094
  97.94155462 106.36436554 126.82995493 131.59819101 117.92853286
 102.18912191  60.04872122 111.78347204 136.33734468 116.89963524
 118.34634998 104.47987634 104.93288148 109.43296164 108.72667992
 118.00972776 103.14109452 102.99241675 103.68084684 121.67567065
 111.94853428 119.71458361 158.49440044 128.69069001 128.99679677
  95.85080033 153.45107147 121.91781883 142.01724282 108.34424474
  78.86775946 134.19643598  97.24837357 117.73001172 107.28230727
  86.96347027 122.06426813 113.01815541 127.91119775 180.5809384
 142.96773317  93.05146753 115.65616638 101.38004288 115.24739334
 123.1479567  122.21384808 120.90249119 211.37750377  90.40929262
 184.00394624 118.80739526 102.29655799 135.79679751  94.18373121
 113.15829021 134.02722671 116.83894296 189.44440033 121.17201142
 107.06093806  98.19382432  99.40455105 140.75462004 130.33084954
 156.14222082 131.79059439 127.26822554 128.96277708 135.28868725
 130.98239766 105.63222431 121.95992074 128.223608   136.79606333
 133.26671201 128.67470019 182.20001848 116.10836934 184.62249362
  97.98749379 135.55594868  92.65888956 124.92563887 111.25031323
 124.92563887 194.21377328 148.58446305 103.43798278 120.21972202
 104.1789919   91.48237415 150.69794658 115.25669272 104.43826419
 114.27451218 112.48770398 123.14513872 112.49401642 103.60442836
 104.62221846 162.95952678 133.86071607  86.81745042 175.23037787
 104.29919519 163.48721564 143.51887002 126.93921086  39.53343469
 127.37149742  62.35147294 147.73953772 124.43076669 148.94137797
 209.48331533  88.72675865  64.40305995 120.62364685 105.50795248
 113.11695391  99.00272549 153.03484452 111.47733497 153.82236487
 101.60700508 127.42170201  82.82545993 114.38307398 142.05190798
 116.96708189 118.65547288 203.70889334 167.49128167  80.48509134
 151.81107512 112.63612071 123.42471568 163.86243082 126.91614408
 106.02952722  77.40185167 159.13225374 137.90488659 106.23115974
 108.41670237 119.03022541 107.91779529 118.83550635 107.10821154
  95.64862691  90.45375298  96.96973918 156.1811365  127.17943596
 139.32048374 149.27172618 123.05524639 114.32412518 103.16152723
 101.09747603  98.49126644  73.23314897 146.23219705  92.88200012
 170.68307101 194.99925623  41.42421982  98.01512276  86.34387345
 109.84890234 110.82870105  99.59229749 108.73233911 130.79279028
 120.73380044 110.25261211 126.7477925  199.37350199 128.23488398
 124.36246993 115.74610556 139.0790356  111.76369578 105.17658389
 134.38852763 103.30445192 118.04618492  90.81455258 136.39156374
 138.94439579 124.86848062 193.47866831 151.67862313 110.16854518
 125.01468172 104.92273382 149.81514656 147.2666339  113.83395417
 101.15797707 157.68930598  77.40185167 144.52481656 110.44303461
  98.80074905 141.93790937 101.93099945 101.4035584  123.04414233
  90.5482979  134.75519662 103.32192228 106.4767467  142.42140696
 113.28819332  93.49045714  99.31081013  98.67214712  94.70407567
  79.64669724 126.39092396 149.472938   118.84373057 106.68072147
 159.93410853 134.71710601 126.8322192   96.54601735 116.59598148
 154.76635103 119.82090384 108.58410368 136.96502822 103.56457367
  99.22539244 141.70740642 148.79058874  85.65142223 143.05441785
  99.60134904 132.89145918 160.73013338 154.20856814  52.65332528
 157.30398771 151.71499368  97.55715015 132.95083006 126.46342225
 114.76317053 185.25116581 140.65879445 172.09937597 177.66387106
 112.66032791 107.25988836 116.74324077  66.617656   105.00137974
 104.45335806 142.83982479 105.82812716  86.92274882 111.52688421
  99.15896159 116.51168626 100.56140594 145.50649393 119.25640504
 105.10693304 129.40257637 122.60111767 177.9773914   85.12999354
 124.14891502  98.31818937 115.85599652 117.67509311 108.54862659
 107.45799959  67.46866953  98.09084066 127.13587321 118.5103414
 156.87198311  94.35687213 117.59895548 108.83957204  92.89578742
 169.10565649 119.90434248 117.3573929  123.5049939  151.45387605
 130.67001797 106.17729755 130.21852167 118.47784528  93.34322256
  82.20792123 105.81244675 110.93456595 109.81286629 203.56609096
 122.26623429 104.08642224  99.65068428 126.34025234 119.65298953
 143.49697767 143.22698273 116.75173378 115.87355451 110.88668912
 143.22698273 136.36406339 137.37640426 130.94041455 131.84818142
 123.65171435 103.61351312 154.96699347 115.19027604  99.41139217
 108.12183666  83.42063165 100.13601415 104.01578622 131.99973774
 113.13053481 111.9440897  138.3302539  137.12659504 111.82092652
 162.40994243  69.42517689 115.22324002 104.46304685 136.52304776
 159.43885643  80.48509134 122.9528976  107.47407709 130.62361599
 110.09756118 117.50210254 175.40031677 139.92954244 133.83801792
 159.79967753 131.31554284  97.52435415 106.10142942 132.68745895
 109.10503455 137.34565087 137.86211424 144.20354698 127.87256658
 136.05597676 127.24420949 100.21400366 144.77395358 105.79148757
 126.7570249   92.81658743 134.42135132  53.95890058 119.80691356
 164.71801235 106.28727581 136.68693331 102.18760016 106.84152868
 128.19491999  86.83350288 109.83694712  84.87379528 103.41008242
 103.74773819 135.16012599 130.92023524 184.66113788  93.93410205
  94.35797485 111.60199519 109.2731044  106.1290383   69.41596545
 115.49754558 103.60139479 128.21311717  80.76834961 126.5473555
 111.92207807 103.70639022 119.1824475  123.88045457  89.69827065
 133.26364026 117.33421598 126.93301952 171.2293458  119.62167353
 142.08112528  95.10930393 117.47540513 112.74214667 102.99785163
 106.1315561   94.79634415 122.35393755 109.03900663 114.46949286
 123.32890994 119.27042106 104.91981638  94.81376136 104.01041846
 110.92124935 131.40525135 115.26621183 129.48490224 122.5627652
 119.1824475  152.3643802  116.04273894 136.93455708 151.92451726
 138.5138794  151.15811662 105.64562879 104.01271205 138.42775239
 145.82663807 120.88455079  88.49543136 139.56448348 137.58799164
 131.82041538 190.90148702  93.56820492 171.12508896 112.97021471
 130.48213887  97.92301084 117.54246248 126.01338961 114.3684251
 166.43768537 188.67627123 114.65373063 144.80651255 118.78555504
 162.00297602 118.72166476 108.08620843  94.03317449 117.45339653
 126.15474133  84.59673201 118.93159734 134.95932219  64.38065571
 120.79386593 117.11818838 129.37945254 158.35594676  99.07180775
 134.71210796 146.7661446  106.2299402  108.41843544 110.50016808
 139.9171983  109.60963985 134.92792312 109.35552677 128.36750076
  92.91626552 108.47575977 110.1166358  146.48526997 126.77818579
 111.15322769  85.09689447  77.92231197  49.2849531  138.12812202
 114.37957607 132.5147121  112.31920547 181.61770945 115.12127902
 110.06473341 147.05880842 129.16373715 113.31416073  97.76721875
 104.2932941  162.96837822 127.89084336 104.19765518 124.29077055
 136.58394756 138.98736542 128.69069001 118.47627243 104.45725391
 105.60918593 126.15474133 139.55186015 101.66624197 130.14374717
 156.13698217 146.81610851  94.2348413  195.21663926 126.40462383
 114.36811412 184.8774241  119.52256053 123.72713994 109.4639809
 121.20943645 121.80389768 121.01800914 131.80900689  96.46073529
 109.0171329  111.7867087  172.36073566 177.25245737 149.02414422
 162.91694133 106.03310229 125.87375551 148.51079019  94.37813074
  96.42159912 104.19130608 115.7453347  122.95144446  98.6476063
 103.11498473 108.80628669 138.55249989  88.72675865 113.17742643
 178.7885748  118.22345418 169.20135485 133.91825369 100.15810289
  77.95334066 116.58314998 123.66691331 139.27155502 101.40014146
 105.00518718 143.38655372 156.08739647 156.56469571  92.81658743
  81.33643874 127.39407169 123.53717217 101.84550417 143.87999358
 140.35979264 173.75297162 131.55596675 111.21816353 183.44766254
 118.74575163  95.59493529  99.80656537 111.2559606  185.93927542
 124.74680639  93.23600957 115.77667439  52.37992332 108.10843234
 126.52419573 135.98519611  41.69079807 103.18801398 191.99673993
 123.42541442 104.26738656 134.26069871  51.80812481 121.16118126
 122.21938756 127.26822554 128.29834932 121.05973926 145.810659
 123.02541589  82.05949242 111.21694356  76.66617326 119.88705808
  98.99625747 147.06544862 101.6559575  144.29536292 115.39526754
 117.63991961 121.63086662 126.25085085  95.66166427 183.40076111
 132.09275961 139.43127732  69.23512229 135.20097287 115.13298752
  95.64862691 107.03556915 106.32689625  88.65488941 125.05279273
 112.88551671 152.92129275 125.38389455  72.38445776 108.87894535
 112.26524316 128.98359767 108.72667992  99.08960319 146.02434703
 139.2401857  126.20282171 106.83275317 128.41628002 132.86643813
  82.04704193 103.35001043 123.79589399 121.31427003 148.90714277
 136.95226761  57.71673734 107.5803077  106.07284466 132.86643813
 102.11367925  96.1157944  179.37378979 134.86030585 185.18759197
 153.13161151 127.25549254 137.31236842 123.2436174  103.90470592
 101.80651989  87.35992111 111.06099967  86.4850659  133.0774767
 118.71761149 122.41743676  79.70228402 112.14749991 109.48351933
  99.00901148 130.60330226  62.60046649 111.7040556  148.97360487
 120.13801695 128.46692627 116.90295665 111.99686607 118.81532281
 129.51233006  83.33201654 124.69935541 188.13881181 140.10667335
 167.8052757  115.27792125 136.3497031  117.60888443 158.00598099
 114.59204187 121.60619167 115.13074653  86.19145901 135.10395538
 140.7752997   99.39368812 116.03724842 111.1390125  175.32719834
 139.94988697  99.72852918  99.43392218 100.45825059  99.04640719
  99.7071109  120.87130986  99.29447136 116.5465943  121.24384603
 103.99030422 133.05760232  95.75423889 137.97847769 118.98162548
 128.31264234 101.48581567 174.54225382 162.87644757 105.61376586
 100.01787737  99.32695759 125.95543942 102.29655799 155.74875451
 112.32256545 101.59378728 160.25962456 163.87939108 100.70601812
 103.82125238 160.75576163 117.8938146  110.47624595 139.51799684
 115.83433983  95.3160791   89.74198617 110.54783    184.00394624
 125.21885786  98.60955941 142.57839347 112.17508339 168.52396455
 110.11105955]"
5,XGBoost,0.9313696727867763,0.8296298518767087,0.05079998950843194,0.08079329170760535,"XGBRegressor(base_score=None, booster=None, callbacks=None,
             colsample_bylevel=None, colsample_bynode=None,
             colsample_bytree=None, early_stopping_rounds=None,
             enable_categorical=False, eval_metric=None, feature_types=None,
             gamma=0.1, gpu_id=None, grow_policy=None, importance_type=None,
             interaction_constraints=None, learning_rate=0.05, max_bin=None,
             max_cat_threshold=None, max_cat_to_onehot=None,
             max_delta_step=None, max_depth=7, max_leaves=None,
             min_child_weight=2, missing=nan, monotone_constraints=None,
             n_estimators=300, n_jobs=None, num_parallel_tree=None,
             predictor=None, random_state=None, ...)","{'gamma': 0.1, 'learning_rate': 0.05, 'max_depth': 7, 'min_child_weight': 2, 'n_estimators': 300}",[137.9377  133.01451 140.81726 ...  96.30906 139.2957  140.02138],"[158.30438  115.05684  177.33327  136.12381  111.893394 126.72407
 181.60864  131.23706  107.198265 106.72304  108.38399   59.013813
 104.533264 101.62723   39.460976 138.82031  105.267654  82.42036
 177.69614   83.20292  192.7664   151.61272  128.03043  100.489204
 186.98169  110.89483   98.171165 127.49546  135.93033  186.28072
 165.24146  123.527504 114.442154 123.41824  105.37068   99.86266
 191.02527  175.03526  117.17374  136.45694   99.5661   193.77919
 133.55505  129.74596  170.7329   160.88466  115.29011  114.55185
  94.2838   106.94988  122.436     96.10875  133.65031  118.47789
 109.2558   114.39077   98.15182  144.25003  118.448555 113.146126
 113.417786 115.647026 131.05276  124.50725  185.88441  174.22505
  90.35856  100.42232  116.01881  125.04434   94.0954   146.106
 107.67317  132.75784  108.595024 162.25177   95.03711  137.50723
 148.99005   89.25417  131.09569  148.4568   112.10871  115.17174
 191.62302  135.85812  100.23397  127.04986  103.96101  140.9873
 106.61887  168.5955   129.21559  163.11716  106.01102   88.765854
  95.02119  108.045135  95.21957  113.74401  153.12361  131.248
 112.0651   107.19981  104.753075 111.29836  142.1084    75.26437
 108.70061  125.517685  98.98096   99.42218  128.9253   173.66042
 134.6967   111.21183  136.95586  161.66406  109.90476   94.35791
 191.66873  138.07971  151.83983  118.2437   114.26683  113.75027
  91.97178  124.98898  105.37103  154.96423  140.70807  125.13819
 107.09841  127.14912   99.362595  49.39863  117.09081  107.92669
  93.50994  119.4847    85.74323  157.90114  144.7275   124.48111
 112.32027  129.52618  120.189    132.80862  102.38687  123.86108
 114.84635  106.57324  105.941086 120.30181  111.82733  180.41331
 128.77756  138.49414  113.388824 178.34865  189.95909  138.7705
 132.41548  182.84982  122.86892   64.7493   109.232445  90.236046
 131.46643  116.0826    98.27246  154.0751   141.07928  109.07297
 144.5852    55.310497 145.8331    99.328766 136.81873  102.46053
 112.28114  136.1288    94.47851  149.82465   99.65066  110.0575
 152.33524  199.80792  141.00166  113.40445   99.15051  160.56099
 145.67328   69.6858    72.213264 133.32414  103.37978  112.74931
 134.8504   155.662     98.90292  102.90544  133.7758   133.9839
 119.61152  101.676765  61.182568 112.28001  135.94304  114.17126
 117.20998  108.12861  108.72228  119.75226  107.76601  116.87673
 103.692924 104.91486  107.038086 122.72387  113.90018  122.675064
 155.19438  127.139404 127.4965    96.14065  158.18607  120.3633
 140.6477   110.21226   79.31292  130.26086  101.69705  116.23602
 108.92492   95.77751  124.03054  112.2584   132.36781  183.42592
 143.98433   93.3352   113.176765 101.68204  117.355965 126.14917
 129.97382  124.305626 205.84595   91.20291  183.89008  114.19351
 106.71068  137.59076   93.93293  113.573654 134.77731  113.946686
 184.03488  122.92637  107.44123  100.18492  100.48627  144.64314
 131.02702  151.53906  129.88356  131.66144  126.577095 136.83614
 129.06496  106.20843  129.95248  127.92659  127.37751  133.28427
 127.192085 185.32004  109.840836 185.88658   96.878265 136.97745
  94.271255 123.300804 109.085304 122.971306 189.61734  147.03734
 108.78561  115.70526  107.62164   90.84128  146.68764  116.46438
 105.52271  114.365486 112.146324 123.74163  109.37304  104.667
 107.354195 175.09644  135.27907   89.574104 175.15062  106.18435
 160.63716  141.90791  134.15887   43.44467  127.76168   65.31006
 149.23466  129.75688  142.81319  207.24925   88.73213   63.979195
 118.98189  102.07206  114.41132  100.37481  152.7179   109.30993
 143.46025  100.22326  126.268425  85.06572  111.844666 144.00754
 116.59202  113.247894 193.0295   166.20445   80.111786 150.64226
 115.600464 121.480194 169.03885  123.80506  107.00755   76.11434
 153.18225  137.23616  109.58249  107.90863  117.78238  106.4447
 122.298    107.274536  96.00863   85.703285  96.34355  160.32991
 126.96947  137.34236  152.70793  124.8955   110.38401  102.46478
 101.811165 101.05429   76.41801  145.96637   92.5696   165.24669
 193.79024   44.453915  99.02671   78.8614   109.476204 110.47475
  99.5514   112.36819  131.05276  120.779    110.06308  118.93926
 196.52173  119.80704  124.69303  117.21201  136.9419   112.249916
 104.86229  131.53142  103.67888  120.42326   94.33939  135.5114
 139.66957  127.95492  186.47514  149.15965  111.796425 120.61128
 105.95136  151.02061  148.1504   111.72007  101.35508  164.16768
  76.23937  150.41054  110.54932   96.66595  151.7876   106.28008
  93.23965  123.72275   91.24938  136.90811  102.73812  109.565216
 144.89282  111.02415   97.73519   98.79538   95.729576  98.062904
  84.45639  126.86868  150.78113  120.24604  109.72294  154.64937
 134.6474   125.6247    97.9836   115.8009   158.63638  124.26705
 109.951485 136.48997  104.89284  111.12727  137.27905  146.65724
  84.88116  143.84547   99.471214 133.9724   163.87016  154.33987
  49.96373  154.16357  155.30824  100.41504  137.17087  128.29335
 115.20273  184.3328   142.31435  160.06744  179.35355  112.000206
 107.73396  115.62263   70.738    105.37605  104.199684 147.96736
 106.72362   92.13767  115.1368    99.42103  114.84635   98.91909
 143.38585  120.59518  104.29784  126.77884  122.87463  179.79837
  77.91527  124.02806   99.49426  121.32062  119.28063  112.92614
 114.25827   61.527504  92.73415  128.59354  117.06835  163.83652
  95.92935  118.25294  112.33216   88.44219  175.1895   122.61574
 126.89735  123.6642   153.62772  130.00342  109.91883  130.36765
 116.51786   91.22013   82.640785 108.69513  107.940056 112.041016
 199.66257  123.4684    98.88428  105.77787  122.760056 121.31745
 144.18312  145.07361  114.88273  109.83011  111.22221  141.33159
 136.95586  138.67839  129.52899  133.36008  126.40265   97.62908
 146.54878  114.55002   99.256165 107.30835   84.782036 100.050835
 102.549446 125.24727  114.81381  112.45889  141.57721  130.5485
 114.54143  147.48026   69.27634  115.41143  105.50826  131.76265
 164.38863   80.111786 123.41805  109.70505  129.79485  109.11481
 117.03393  171.28008  139.5098   137.46614  153.2315   126.346725
  96.89467  106.73672  131.36415  107.73096  137.58247  136.88278
 139.74478  130.20407  134.8904   129.59775  100.064125 152.22906
 103.107315 129.57816  102.9927   134.90463   67.34855  120.01592
 154.68889  109.818375 136.52707  102.24958  103.82903  125.28856
  87.903336 111.245026  88.01326  103.16852  104.42942  136.81764
 132.93576  182.5068    96.24894   98.035934 113.68538  109.55169
 109.06353   71.548416 122.712715 104.75725  128.38081   85.1096
 128.08116  113.36438  107.71414  121.10646  126.56793   87.31806
 132.50177  115.42852  125.650566 173.89168  124.04454  144.2559
  94.08386  120.65729  113.998055 100.62583  107.96382   90.08353
 121.954926 108.632706 113.2634   125.27167  120.05813  103.70659
  93.56729   97.66869  111.10848  132.88521  114.00226  129.92825
 125.536995 120.715225 147.86511  116.13286  134.90694  153.42746
 134.34607  149.9682   106.0534   102.16799  138.74911  146.78252
 119.64127   69.37917  141.14902  138.58643  133.75136  184.37524
  93.45646  164.18112  112.883026 132.36339   98.14671  113.651794
 126.67703  117.72155  165.29277  182.1089   111.87646  141.94693
 117.50437  164.28317  117.27743  109.501495  91.95656  114.780846
 105.901405  81.725655 118.29856  135.42235   73.34632  119.7818
 106.205795 126.26559  155.6324    96.81337  129.75471  147.57643
 106.1833   108.50832  113.527794 137.45331  112.42643  138.4519
 105.6514   127.52721  100.5118   106.50205  108.57908  147.00128
 131.45656  114.57249   75.360725  90.63182   44.562164 137.23355
 111.26255  130.04625  110.72069  181.66899  112.912674 112.85797
 145.63841  135.38307  114.64185   97.35749  107.22767  165.41238
 129.33943  106.158745 123.17537  142.07602  139.46965  127.139404
 118.80284   93.28655  104.130775 129.29321  139.2147   100.096405
 127.395386 153.73259  147.39442   95.04443  192.2297   127.592476
 114.14517  181.78455  128.4397   119.83405  110.20322  120.17864
 124.738014 120.56804  131.10408   93.04117  106.77183  104.733734
 176.58568  187.3364   152.40929  157.35217  105.13659  123.56433
 144.55      97.22012   95.06917  110.46218  117.82008  126.552315
 100.46621  103.95027  110.81055  144.22464   88.73213  112.38559
 184.12823  118.259415 161.231    132.86523  101.563385  90.63182
 112.762924 120.28817  137.53636  104.77698  104.24903  138.90028
 150.6852   161.51205  102.9927    82.8754   127.9034   123.42815
 106.48295  139.64372  143.2195   167.79132  133.39464  114.93809
 181.83907  121.44984   87.64246   97.75032  111.55352  183.44711
 126.47309   92.68314  116.348724  52.54737  107.60843  124.97123
 138.55725   46.704052 104.02748  192.76538  120.10686  101.03465
 133.72633   55.952843 121.284904 123.00308  131.66144  129.13002
 120.077545 142.75366  126.45677   77.61703  109.16174   73.971855
 118.61138  102.18261  147.724    100.71688  143.48912  113.11341
 116.71773  122.18137  125.11741   94.41109  183.61855  130.34444
 136.96178   73.0067   134.82973  115.42797   96.55816  103.800995
 108.705734  91.33547  125.95526  108.83992  149.51183  125.39729
  65.32084  108.26572  111.24276  126.76515  107.76601  100.89531
 144.57573  132.67834  122.71731  107.132675 133.60368  132.19334
  79.21056  105.34582  127.48159  121.9279   148.212    140.47173
  63.6677   101.243996 109.99122  132.19334  102.87311   88.99549
 172.52202  131.93272  185.05534  148.94154  121.40255  137.78339
 116.511086 104.78544   90.66243   87.91539  109.82109   84.23436
 132.21492  117.762474 123.8703    78.24849  110.10246  115.37641
  99.34058  131.88557   60.104435 100.12963  149.76826  121.51042
 129.33032  116.90683  109.959694 117.00881  143.82579   85.99574
 125.40071  192.74846  140.42668  155.96458  117.543976 137.87303
 120.53161  161.56673  112.49407  129.47513  119.84249   86.34375
 139.82356  135.55884  102.83978  114.29846  109.52457  174.61159
 142.95824   98.453865 100.67716   95.15073   98.66079   96.95594
 125.52365   97.614456 111.513596 124.24793  102.60651  136.03
  95.9624   130.21692  120.49127  131.23813  101.765945 172.7846
 159.7933   107.618    101.02384  100.20506  128.56396  106.71068
 155.2229   111.79911  102.71919  158.20772  157.09062  101.60763
  94.898224 163.73715  116.3049   110.54932  135.16835  120.38281
  95.21957   90.47569  110.803276 183.89008  127.40437  103.62078
 141.59221  114.31649  160.88466  113.25798 ]"
4,Random Forest,0.8860817389155285,0.7904043571719696,0.06730714154521393,0.08935843627701705,"RandomForestRegressor(max_depth=10, n_estimators=150)","{'max_depth': 10, 'min_samples_leaf': 1, 'min_samples_split': 2, 'n_estimators': 150}","[142.43131352 131.60124392 139.87322018 ... 101.86528104 135.21556001
 146.71793526]","[154.54560789 115.14013468 175.54626117 137.13084103 115.9981424
 126.84603823 183.33834322 121.68680997 107.57307569 106.66215054
 109.43426405  66.38815873 109.79964659 105.08481994  42.66409588
 127.10450049 111.73454985  82.98708466 159.34194954  96.23994899
 189.492992   153.36059875 126.52735756 108.35057657 178.82408344
 114.15608532  98.27064171 129.07672175 133.18515436 178.5709711
 159.22463792 117.37142973 115.00039862 126.47203672 110.33040233
  99.76065122 186.75237037 173.38568078 119.117897   132.66264076
 104.2791902  194.18969389 134.9013788  133.04268863 170.23148459
 165.1229625  118.56365261 115.88896198  92.80447201 107.00267486
 122.71706322  98.70105685 126.60952403 111.08332942 112.58410828
 112.18178115 100.22557529 148.09581864 118.4558745  121.18527402
 109.79270652 116.84826429 128.87391556 122.99579088 173.21020643
 169.16973899  89.01191797 114.76720349 124.09023809 130.51815134
  97.04531382 138.30167203 104.79735656 131.33759143 115.22500883
 162.48833374  95.11912965 138.370587   149.05089996  87.24810794
 130.73446886 143.9773666  110.6900744  122.19533863 195.27372438
 135.79005142  99.40235494 122.64866234 104.08138055 144.1714346
 109.94632683 170.19278946 130.93296378 163.48721725  90.50371812
  85.34160109  96.19292482 108.92020508  95.40021128 117.88503298
 153.68904261 129.85227402 118.33936949 109.5064052   91.86675035
 111.37548051 142.53897461  74.30988349 115.31159953 119.40788475
 100.60421375 103.0912964  124.38141912 178.94469425 137.42836233
 110.86125215 140.10294161 163.5021383  114.19014072  98.83583318
 197.91073276 132.23316934 156.35312246 116.38542665 111.24893188
 109.93548041  93.67791158 126.92136883 107.61638525 150.46362501
 136.84845415 118.80975262 121.45787801 121.53693878 105.73728235
  69.30676142 111.55213065 109.40399671  74.5819003  122.22764779
  91.95477645 163.81012809 146.38659789 124.48618991 117.30631856
 130.9676297  111.63583269 136.83064329 101.19269515 122.63677427
 118.89141807 107.70650825 113.14330404 118.33973549 117.50835777
 178.38097701 125.38868956 137.94835901 116.65076148 175.50344241
 189.06860301 139.74034435 128.32170909 174.18750149 119.04343938
  62.61718719 107.14358702  96.70689628 133.7020588  116.02293494
 100.86385434 147.5325568  141.34370136 108.16291379 145.00278736
  64.54755221 144.35211251 100.74531475 134.28107092 100.98307622
 106.00831106 135.71217098  95.9683162  143.5612879   97.10099679
 106.06427032 152.36522252 185.36201427 140.8548029  114.10373411
  99.45190651 158.20858225 148.35932787  92.81777872  75.39972544
 133.8331764  103.14354759 115.09304142 126.60952403 148.29802702
  97.50834445 104.78321958 131.34644751 137.2810762  120.91618126
 106.155733    63.74582006 110.52980862 135.52781395 137.10879598
 116.79668353 100.40504243 115.01636351 116.6051619  109.60780872
 113.26295489 102.8261525  102.90198729 107.74056945 124.10466516
 117.23880268 114.58365855 148.95281016 128.21207824 126.59455178
  95.1390928  146.56750343 117.98407325 139.45907512 113.29887727
  80.55895872 131.29729073  90.09610919 116.68443239 112.56944762
 100.90714843 125.40189203 114.03222819 136.08544211 183.30750183
 142.86210196  95.51385871 113.03556634  98.37953075 116.16640017
 108.58946925 139.78283344 124.44293517 204.82881586  90.10073904
 177.32087036 113.06777257 103.75192626 137.15425     94.81914509
 108.10336006 134.02872815 108.09827948 177.68632429 123.76457224
 113.29887727  97.33964356 102.65162372 146.77623986 131.52601259
 150.20965089 125.0426436  137.2462412  125.7770449  133.05651498
 129.98243748 111.3219362  129.2118683  125.41003635 140.5873537
 129.87544767 130.36873668 186.02301497 113.99482011 183.06173802
  96.4304264  134.27521271 106.46461372 119.05091998 115.36175068
 119.05091998 198.31004466 140.01240703 106.88698887 107.39836297
 105.41374379  83.13242054 140.39649464 115.70441875 106.79418452
 116.14327874 111.57268194 124.10466516 114.61325378  98.75162676
 114.43742717 157.729521   141.94330581 111.67970649 177.48020593
 105.96196352 158.97743527 134.97531155 130.75722617  47.95992063
 123.63742759  62.59670094 154.69073414 136.17305133 144.03664956
 196.73628136  90.13518977  67.44909073 121.9199204  109.88482304
 116.23105118 104.06525289 144.6291119  112.58410828 154.9699256
  97.04173819 120.10436997  89.13464382 111.93259228 134.99662675
 118.28175886 106.39590372 188.86555726 170.86554369  76.58565456
 144.09627017 111.10274643 118.08736494 151.87100497 127.09154245
 103.29333489  71.53683738 159.64731494 134.41473153 109.19400039
 107.26201434 123.14839207 107.89866551 118.18328531 109.14280551
  99.83535733  97.34945071  98.26584603 152.82022172 123.88241387
 135.74897228 162.48502104 118.36779809 104.15697409 102.7789495
 102.28779339  98.01955593  87.96839884 149.92577633  95.49385871
 160.70712684 191.00296751  42.48653837  97.64579401 100.4492427
 108.55159909 110.78290532 102.41145294 113.80694911 129.93788379
 116.10656798 109.31301581 137.60281716 199.25482813 125.39825084
 123.20535148 117.98354246 137.01018883 111.85236571 108.70317947
 130.61760486 106.72329855 123.02308041  97.26780862 136.51941687
 117.99221743 129.5721803  188.4882221  149.39383401 114.01616904
 119.25141266 108.99142812 143.35516936 146.7816512  112.55955738
 104.87243655 154.36351021  70.34350405 135.06729561 113.03443498
  96.02414358 140.0530089  108.46180468  86.74878728 122.32287489
  90.54801208 133.9471546  108.65471793 106.86144374 138.25033252
 112.83493532  97.02804797  99.58400276 105.48983954  98.26329162
  90.29053076 123.19811594 144.68945775 118.11422916 112.32288008
 149.69333624 130.74584702 125.50563159  96.06181465 115.00060922
 158.2012857  114.98668432 105.22029674 134.11324744 104.51616391
 109.0339861  137.88914434 139.11346911  89.70572286 140.61219355
  99.56880295 135.41541465 152.88646298 146.67590954  49.65130313
 152.14678034 156.98957916  97.76315557 139.36386657 129.43419646
 119.53807501 193.70440467 137.73119425 153.98134163 175.40324147
 113.09718961 109.21491859 110.74636747  78.94925084 103.98736063
 104.7247884  143.62288006 108.93286333  94.69495612 113.42361437
 102.51537785 118.89141807 100.40551969 136.71862608 115.0192768
 105.57461866 137.2299444  122.7263315  175.40324147  91.080791
 124.10466516  99.14175183 109.81551843 115.96746151 113.86320447
 124.49467967  56.52684379 108.69875306 127.41756208 116.60209199
 158.13125062  95.92205099 113.75244153 113.76635652  96.78933523
 165.34524206 121.93043799 137.55007347 122.71706322 153.54506341
 127.46587728 112.61909421 127.41832275 112.22272144  90.7530777
  85.40223086 107.1973513  108.93494064 112.51839486 194.51201064
 122.85096445  97.14001987 105.09994844 124.68189893 117.64590588
 136.40323913 145.18256391 115.04500306 114.72076112 105.75259822
 143.70606611 139.78960828 134.0607854  128.97059676 119.53596641
 122.53231731 102.19692185 148.23425499 110.77607439 100.86385434
 108.87539482  81.6581163  101.26012838 105.14765138 125.22073219
 108.9949502  112.60865264 137.25130691 124.73176838 109.39886363
 142.90963387  77.08407552 114.76746318 107.94811928 133.70411412
 150.56009988  76.58565456 120.92048104 113.85275077 129.62070724
 110.68707578 117.7407415  150.36822368 132.94043693 132.18652443
 160.39976343 118.85581697  96.64766426 101.45999884 137.17976361
 113.84755234 132.12848122 131.54808195 147.54467113 125.96589657
 137.26215759 141.4773128  106.30517297 146.48470039 109.52981756
 135.99260192  96.84202036 139.76179259  71.7643467  128.26758916
 155.40044642 109.37393764 136.88891966 105.27599529 112.64637226
 121.33707535  88.75647436 117.01103433  88.54080705 103.16453151
 106.1616815  138.2216051  144.20578223 179.11605672  81.36720821
  97.05206307 112.66690923 113.24616141  95.94036199  74.49658637
 117.65498918 108.23327287 129.35236127  99.44424904 119.79493854
 114.48891733 110.46897397 114.31201935 131.29419405  83.13717816
 131.79617762 110.60137367 124.77806619 171.34074473 112.73142877
 152.93454974  95.4341768  119.28540208 106.72249645 100.85910315
 115.46394056  94.98932355 127.84227594 109.11131648 110.72361239
 123.14192849 116.90804707 104.91320739  95.04580016  96.23580146
 112.51103025 135.00093554 118.03004424 126.71470639 131.29646562
 114.31201935 152.12315985 118.73669451 140.33415373 158.60539515
 128.08066106 136.54913506 106.07743127  98.34995508 140.54936792
 140.15597357 123.19811594  77.84725137 140.33305845 133.26286641
 128.90673574 186.23800426  95.57579223 162.17844572 113.46671825
 131.95449564 100.68143812 115.00953948 122.75600881 114.90538975
 167.43312763 196.47831814 112.17063847 146.64316364 112.02118534
 178.3357921  112.74804286 105.83864341  94.63375185 110.35509897
 110.97087025  88.44845948 116.40048707 130.62989068  79.65765043
 121.29858991 119.95959547 137.86730629 151.80504183  96.68993043
 131.33741104 150.12604312 108.58425637 108.95652047 113.36448212
 137.98537461 113.92166275 132.1702421  110.71868501 130.58164426
 104.38724511 108.50779306 110.33464119 146.11322485 130.91320136
 112.36123761  75.57702393  91.88108506  40.12681765 137.5170641
 106.24015092 133.68813835 120.79222415 178.79306234 110.15621515
 107.64782592 140.82394843 126.45506623 108.02111893  93.81591734
 106.66007599 154.20244808 126.12328592  98.10000393 122.31892024
 142.06283916 139.32390234 128.21207824 119.09565514  96.76542772
 107.40769091 125.89741861 138.32045727 102.70194752 127.25238146
 152.18642411 152.0536836   96.29739386 191.02020644 125.96971024
 110.3601929  186.25321807 132.44958846 117.19874262 112.2388239
 118.71862341 122.60010568 118.68944536 143.28567988  97.86185099
 109.38615808 110.757168   171.86662795 171.60370022 149.31315763
 154.52661744 108.2551629  118.12235651 126.57626595 100.17974076
  94.49560918 110.38260141 117.20830902 119.02182472 101.2536317
 107.40558249 107.70342373 149.32282013  90.13518977 111.76646127
 182.54438521 116.26499881 165.1813042  133.57340079  95.56759289
  91.43322792  96.95619165 118.05983794 137.70905057 101.91677214
 105.90641111 139.02806496 156.88536855 155.76939099  96.84202036
  81.35382789 126.12394261 126.85420687 106.92261633 138.15278731
 144.09921059 170.50569888 128.40377312 109.31444063 178.80399624
 119.85150061  94.33162713 105.16917519 110.46828639 181.59452437
 118.05987253  95.49385871 114.18903413  52.24301978 108.77589195
 128.92387503 132.22013254  39.55495623 106.26690303 193.29549509
 118.18631972  99.88656164 131.24529431  56.47040882 120.82270854
 122.50693776 137.2462412  123.96548536 117.0701089  141.05959051
 128.57163985  76.46335659 109.86377299  82.02311683 120.07938938
 104.17309086 143.83623256 105.24216779 146.71946705 117.02902419
 112.85250176 113.76779639 119.47904498  96.08581591 184.31820326
 124.49138556 135.2319961   69.02398505 134.31625636 114.03220291
  99.87687512 102.96755724 112.32431246  93.72488328 118.82774027
 114.22629526 142.49604104 128.66586013  66.52682903 109.98133797
 114.94684636 119.44062443 109.60780872  96.46158273 140.14294003
 136.36433304 121.8456042  101.91240367 124.74668373 128.72340746
  77.53509416 107.11077578 127.27464977 122.01232947 156.76754927
 134.69407266  70.79449276 115.32887591 118.1116848  128.72340746
 102.44827404  81.32396627 173.6469648  126.35157035 187.88577326
 153.55701257 120.92271994 135.8919393  122.62946591 104.73784074
  91.33155344  89.89458886 111.21832569  92.84542618 129.78255036
 113.7208257  126.70111821  90.21744367 110.3126006  116.8658474
 100.88617339 131.56694209  58.26726422 106.85249237 154.9489095
 121.47715623 126.24397551 117.72689108 108.34397899 117.76266837
 146.38070791  89.33881339 120.59161837 196.36407582 139.85278601
 151.3704495  121.55151509 130.37927844 121.10479007 175.7309032
 110.8394606  129.81277613 118.35838928  86.59695604 136.31632349
 138.370587   106.47009599 111.79365898 109.87606486 176.66598304
 142.98833453 100.67366705  97.6117878   99.36103687  97.78364841
  97.61778831 123.97600255  96.56043812 111.56212214 122.59524132
 105.41761547 131.11505161  95.29499585 132.79305276 113.59783177
 130.33327177  95.48701718 176.62201194 159.24079974 107.12143538
 101.74386617  95.18786377 124.77384191 103.75192626 156.21938933
 109.65424213 103.49682219 153.94677787 148.76267911 110.62201786
  86.6991488  153.18255681 118.95386162 113.11108381 131.36180307
 121.92656788  95.40021128  99.38008488 107.12450462 177.32087036
 122.91109986 117.90893753 141.62878535 109.87796784 165.1229625
 112.23372902]"
1,Lasso,0.7140126866466545,0.725820289683996,0.10846102933525947,0.10525830430798763,Lasso(alpha=0.1),{'alpha': 0.1},"[141.62580758 130.21110814 139.91957541 ... 109.02169758 130.31093233
 143.84816837]","[153.99584648 106.46807818 184.47618928 138.58977088 117.39871762
 127.90515527 171.04818537 117.37427947 116.30904452 109.5040606
 100.87214984  80.48473614 110.66931221  99.79525601  80.48017884
 136.15708712 109.22329127  70.85858498 153.85227837  89.11190462
 179.85395643 142.32518965 129.47050854 107.42381874 178.82273814
 104.05569567 103.18151969 125.2461403  129.63217584 178.22020074
 179.49410723 120.60602452 104.80621679 123.68055324 106.20960579
  96.49714989 172.23498682 189.11574631 116.83685223 129.20911605
  99.22430117 172.88334518 129.89376527 129.54889889 173.46337213
 163.07650332 111.03214078 109.82827724 100.97444718 108.11938982
 123.76001585  90.47894585 124.59538698 114.0905809  110.17595205
 106.32717492  95.39197658 149.25399455 114.48027651 107.70833561
 112.71580117 121.4913235  133.36230856 124.66850881 171.19471088
 176.39892429  82.09609992  82.22228689 122.82647738 141.29105851
  92.09597109 147.02218478 108.31441258 129.40874785 113.4876921
 162.65495724  98.51415465 136.08303437 144.70807775 121.92784464
 119.80909571 139.81914535 108.35000779 118.16552419 176.97965474
 130.61063763 129.55796666  88.41374006 105.08027567 142.4843656
 106.37681014 215.59320977 131.61654457 158.27834886  95.65692906
  95.3346031  104.52553083 103.08936464  93.76518887 108.41191135
 159.12664045 130.85772023 130.64201817 120.9921826  109.55045077
 116.35470088 134.09627695  84.45690345 113.25021934 122.60892511
  94.0936013   97.03492917 109.07788466 156.41598158 130.39737602
 104.83963942 165.75705281 167.32138612 109.68296815  96.16530229
 173.72434457 138.3106694  160.60648182 117.31611931 103.83035854
 113.90648728  80.70945204 124.03972473  96.8191404  142.84303913
 137.03072313 126.50247708 100.27158983 121.58018064 107.37590873
  60.11022527 127.20352771 110.79602715  97.59496466 114.8350641
  75.57750744 157.45137158 149.56685057 121.01428404 117.26401571
 130.56143667 111.21551449 134.79550112 101.01212989 122.54113978
 124.48805066 107.35452354 110.18014056 127.70103993 107.42206953
 182.37952431 127.8411826  134.50828362 109.99925585 172.49469705
 191.00668823 143.61550975 125.38837223 168.52904597 124.70395022
  75.28126249 103.9739024   94.09731023 131.06962535 114.06334539
  98.44222311 166.650474   145.15214913 106.35224288 145.05114796
  82.58578138 143.21706818  97.44187714 124.66662262 101.2041578
 108.57578609 130.64348232 100.13984203 167.89440887 105.49806493
 111.92577838 158.19538072 189.55396345 144.24643853 103.58616066
 105.93379888 165.16715793 136.36144666  99.33458102  78.15793822
 129.66151318 103.34987759 115.31830232 124.69033788 145.09651812
 104.16344303 101.30589587 130.66750665 124.30315614 115.43146226
 102.02182361  62.01155998 109.61696983 133.37157128 128.88718539
 114.01222775 103.51071817 102.03438272 113.29873126 111.67818
 113.28517794 105.11654129 104.535418   105.14234397 122.13292258
 112.0639833  119.34107113 169.99809791 129.12303019 117.10891977
  94.24004637 152.96584221 122.492061   139.38491918 109.30125628
  80.8900363  137.29094803  99.67771925 122.58139284 105.92863212
  96.95198618 118.36339443 107.24215218 165.83758286 172.09792953
 139.81174569  90.7955741  116.16174927 108.29086454 105.74451956
 109.86030194 139.41621952 123.45989643 189.49884056  91.20287004
 188.0045876  113.72347725 141.54941162 131.34523443  97.09916105
 103.30153671 136.20879197 107.34102912 184.18577901 116.87097821
 107.84306771  96.03233196  98.96352975 148.63008568 129.58416922
 151.9097782  137.01365661 155.35567933 127.73584821 127.76725188
 139.15001689 100.0185595  118.87684028 128.23075572 125.49279252
 128.26065484 130.26018789 171.35768526 118.06514295 171.94313728
 101.72869791 136.58623061 108.28178203 126.53481893 115.02588487
 126.55743599 172.10633685 142.1703198  106.55596834 119.75064735
 101.62388638  99.7479706  145.07487987 113.80017584 113.90439231
 115.20084261 117.61484864 120.74817703 113.20205295  96.83857298
 101.68251089 147.16056547 168.69099984 117.43610112 165.56223534
 112.75164385 165.2900626  136.07927919 119.54800802  42.78539432
 119.73274424  75.25055848 152.07332242 129.77972414 140.4726785
 186.7864331   89.90875961  80.18052749 123.7347428  103.27294926
 125.48818167  98.95027809 143.55716533 110.09974683 148.87761783
 105.70050415 123.71251839  79.8911521  113.5172438  129.9109961
 117.23388161 103.76001693 188.42111814 171.64131275  86.12101227
 143.17752428 109.24528632 121.24893061 157.5937344  126.44678652
 116.04855398  79.23157154 158.6510067  131.08735068 100.80372944
 116.59388601 116.05402964 104.1605354  118.66388023 106.15992297
  93.50171433 100.53711377  92.85385266 159.29688496 126.71839629
 131.45899291 167.77210214 118.29792417 108.77663937 105.22062064
  97.51899216  91.89935562  84.66562479 150.06215726  88.83604032
 166.4554563  181.65354076  67.2940166   97.6581686   94.91872617
 106.08078132 101.86947382  99.47190417 107.56757755 132.49776654
 120.6330448  107.71958188 129.25242852 171.77205296 127.31417165
 121.55974456 114.83874476 137.3583701  113.60262713 105.41264723
 131.43363429 102.77957076 113.33507221  97.02563333 136.11545067
 138.84140376 136.73967299 180.42294229 130.60267673 112.7323178
 129.09713737 100.8726817  149.11544626 150.54734155 110.15274268
 104.61169242 141.66439534  78.93816105 125.59472313 110.14192886
  97.45791457 149.09817592 110.48867442 101.05112565 129.59400636
  92.03430205 135.63967515 104.24043158 108.235714   153.90561691
 113.73571954  90.55360432  94.51664707 100.87778811  93.72600279
  78.4315885  124.3168948  143.97943117 118.00277231 105.19147264
 152.88260705 131.14519933 120.86596927 102.47949139 108.87638079
 141.84471234 111.12846255 109.9537898  131.22660073 104.46215471
  99.85423099 141.06468931 141.81485887  82.82888411 142.30944458
  95.89351258 128.02349692 158.69703443 165.022777    73.82710335
 156.1681377  150.66048753  91.38618226 134.28139065 123.26858568
 114.49612282 170.06226042 137.98442292 154.60891091 185.37037696
 109.93470052 106.61450547 114.39883513  70.8551241  104.72350418
 105.62523088 140.30938671 101.81293851  94.99772118 109.3048231
  99.2250512  124.4725651   99.10064343 134.3946839  118.92154437
 107.24419501 135.57920717 121.31454034 185.53664291  76.44163261
 120.94948923 104.76644516 102.22482146 110.65009642 107.14092086
 110.72468777  82.72847363 129.67536558 126.98874528 119.72399572
 146.35760415 102.48875598 114.01210426 107.88421637 103.85692247
 164.34711047 129.70697621 141.17034595 123.88308525 152.73617402
 131.35041775 104.19937174 133.26630296 111.83157348  95.42375554
  78.2425718  102.78452749 117.03682698 108.4061401  201.37896715
 123.61027958 103.7268477   82.28155405 117.5954502  114.26127285
 136.70346872 140.88113913 115.86617634 112.98229008 106.27282148
 140.61747721 165.73076812 130.21751084 129.99858233 103.13319283
 128.99455734 103.6058347  169.04933636 105.00579267  98.3749832
 109.86158145  84.93308463  98.59890297  99.25039241 128.46335948
 106.51778731 122.80002303 140.5810603  128.52752424 113.45036596
 175.27783802  84.54236852 108.23473269  96.77442204 139.92435106
 149.92108608  86.05519867 121.65930546 107.42763665 131.27022015
 113.21500761 116.22956429 177.39500914 125.39506655 130.57166419
 153.78714955 132.44221199 102.27179553 100.62849204 165.78898055
 105.38551607 124.73796594 118.42712718 152.34348001 129.58469497
 133.96789141 139.01159526 105.03961742 126.791115   107.14721817
 133.14841569  82.14432943 137.87582065  71.66044709 129.28951558
 150.45154951 102.28117275 135.45108941 101.52128544 113.02694041
 129.17937653  88.68075812 118.40030228  87.18979399 100.93198115
 112.87439925 128.32320176 146.56258839 180.56409386 112.73637177
  90.25529261 104.48289833 104.47419731  96.512144    78.43100088
 106.96670601 106.43177879 128.73445336  87.42015785 122.33743656
 114.58121875 107.99112588 113.8321848  133.70345853  89.08898056
 130.14422363 113.49132029 129.40183863 158.32146856  85.69629546
 149.55625377  94.50818344 134.05019161 113.31621298  98.85514191
 105.49419168 103.45423212 120.74519725 105.61089056 103.66406575
 121.4836483  113.37168775 118.17747978  97.70401449 103.47867133
 110.85140603 125.63530215 107.52912657 129.56077302 115.42229953
 113.7720764  158.85545671 110.0620444  165.83998202 153.10389213
 136.25639004 137.52817591 104.63839081  99.14057825 125.12336964
 143.40399682 118.53717515  89.31996053 131.56821237 139.37913215
 134.20269682 203.93725381 100.03817309 162.89015128 111.64037304
 128.70164054  97.52867097 127.06768509 126.32300009 104.20105815
 157.41001598 178.97453171 100.43694783 134.44842519 113.0510821
 173.35487242 111.90981628 101.65328015  97.24800569 114.06426809
 128.80958384  98.4137828  119.44598804 129.32745922  73.5239976
 118.29290177 124.58790845 138.47549562 156.30075212 103.82637236
 132.84617194 146.76978352 105.53824738 108.76159674 109.63001908
 137.02895754 108.14126682 135.64432629  96.21466721 128.19109432
  93.17691636 110.00818898 113.86174022 147.74359121 126.93172492
 124.023499    98.08370447  79.39566322  71.27420584 135.17350985
 110.71870777 135.90968777 120.63713956 173.79533125 118.44905214
 112.9331343  148.13302316 118.727918   108.35889004 101.17434217
 103.69272683 148.23959753 126.49596849 105.61809381 119.15762507
 151.73404808 137.59847762 129.10774839 118.15796475 113.54657232
 102.42612623 128.89353184 139.96832623 108.32133022 134.25614848
 163.0250111  147.16173696  98.69096505 182.66324933 119.02775373
 111.15123282 174.90216432 137.36783946 111.11994651 118.55577308
 115.18331436 118.11798617 138.81440751 163.8388549   94.79966586
 116.42341049 117.66753632 152.67232158 178.97091845 150.06167127
 164.27530235 103.74560073 120.71014319 152.30909428  93.45891786
 100.37705239 105.30492161 117.71668216 119.59433091 106.51459237
 104.01771967 114.45655968 139.03439924  89.93565557 110.97905767
 163.76724324 117.00487674 159.98857707 134.12919593 101.28190976
  79.61246097 113.28437379 125.9483973  136.22624937  96.93045513
 103.56658626 144.23339055 153.67880835 146.31664201  82.11539589
 129.17715048 120.79636694 122.058458   115.96661977 145.68523983
 145.77047988 153.99225588 123.02735513 107.82126506 169.2164683
 117.8917378  111.65695006  96.25782876 109.21464471 163.40093408
 119.97344457  89.07647391 115.35464942  54.25652985 109.72975048
 127.80751097 141.1567199   61.06139332 102.06686141 178.58589104
 121.26261443 107.09740857 134.86592492  50.86648377 120.81026606
 123.52145385 155.37238743 123.25054214 118.87199887 145.73945756
 124.98359769  87.26897087 115.07755472  45.20917608 113.02177902
  94.25888298 132.19327794 107.88399624 144.80217066 118.01688003
 116.63486875 119.73087748 129.22924309  99.60360497 170.4820564
 130.26652978 129.09481681  78.78349858 135.61024286 117.19606501
  93.53655683 118.74875535 105.04647132  86.78257442 123.65037388
 110.47987044 148.39836351 125.90717039  87.64790765 111.20985024
 111.85531436 128.40365246 111.71750515  95.86137686 145.01737055
 138.15876065 126.46778694 109.14314238 131.17813927 141.81839225
  89.58487186 101.03704766 131.84126213 123.25727109 156.58401916
 140.5527759   77.61851705 123.31177389 103.65538415 141.90987927
 104.11394722  97.36890433 178.24082308 130.81067434 168.6874122
 140.60475661 124.61659133 132.14506286 130.24580016 103.67910152
 100.95033739  87.785925   111.15253806 107.16126749 130.7099962
 117.47770051 118.39298966  85.95448138 115.02896497 123.73742991
 105.82680925 131.61089634  55.34833571 133.8091036  144.54102744
 119.95326971 128.91497495 123.3282727  107.1728385  125.49838073
 121.70950459  82.84682781 121.13675407 188.43034906 143.80599377
 153.04926618 125.67590935 139.44230613 125.85912236 152.03889434
 102.46138549 130.60090789 118.78439816  94.99105308 143.96842356
 135.93653289 108.38052841 111.23852538 110.27245496 165.7498958
 138.70173594  98.74672773 105.15145005 101.60228677  98.46891882
 104.76069171 127.98034819 103.8997155  119.32727086 114.14888631
  99.4321439  132.02234807  96.61861013 129.5530055  118.14598341
 127.23428528 105.73259601 183.65934563 161.82623887 116.65134727
 101.28224028  96.97045879 126.37921329 141.66371945 150.62722422
 114.5512215  103.40886574 163.69398892 164.51781573 108.91560606
  88.58026755 155.3708266  113.92417091 110.2199679  137.31994065
 115.24493167  93.87440277  92.48001117 106.88691709 187.93327255
 119.10547851 132.15291847 143.13414304 125.96944563 163.0661117
 122.32014625]"
2,Ridge,0.7315151054727258,0.7231365597391031,0.10543811498719015,0.10542232278623379,Ridge(),{'alpha': 1.0},"[127.42898854 130.70015352 139.78518633 ... 107.87971006 130.74088957
 143.74001204]","[154.56767348 107.00983721 190.37536582 138.97446661 115.34590748
 127.29369566 173.40264112 118.99596809 117.54919484 108.65190831
  98.6360137   79.28326877 105.35175863 102.62906941  77.12351238
 141.41614136 107.69680627  70.1801501  157.57276813  84.61201739
 181.73574885 141.81835789 129.36830766 108.77055853 180.56007755
 101.60100666 101.75689406 124.15677992 137.53870464 176.87977416
 181.23738022 124.82590877 104.99668422 124.08268382 104.02185536
  95.38410537 174.24152578 189.63134801 116.71060709 129.56468317
  98.11189666 175.08404466 130.88536546 128.92493263 173.3481666
 161.71186763 110.6181717  111.51403671 106.00669838 105.9853983
 124.8320134   89.67652459 122.64859689 114.80350399 110.32023982
 108.08317645  94.92285833 148.33568073 113.63427587 103.89910148
 113.54057375 122.41147212 134.2713956  124.14373544 174.91581461
 170.35346374  81.82318422  84.56037159 120.42262269 141.58641077
  90.90637964 147.32510139 110.48503772 127.6874447  111.68056302
 162.38677246  98.94083343 137.12692732 143.04866284 122.22738854
 120.29689712 140.89448639 108.13312172 116.05553365 178.01998504
 130.19825522 130.46780822  88.11239848 105.96913014 137.27132547
 104.63873952 210.76881549 132.79411205 160.53380669  95.53591601
  95.56401453 105.22125915 102.3605735   92.33781425 107.61239896
 161.99967428 131.38645046 132.89907219 115.71104127 110.46148858
 117.12256814 136.23122743  86.23517824 111.27302835 123.07187745
  91.67185889  95.9624327  109.33890482 156.32898064 129.86360225
 103.89619097 167.61871469 167.47723451 109.10890237  97.51830277
 175.7348674  138.85690408 162.69941761 117.28943541 108.9849317
 114.43946169  79.182178   122.77479981  97.85857948 140.32566363
 136.88053422 126.57718959  98.2757401  123.04942038 106.62085082
  65.26774775 129.02984061 110.04612268 103.83301616 119.47561349
  74.74029578 159.55762304 151.13658134 120.81189235 114.72908738
 130.83814198 113.40414061 130.42570347 101.30869282 123.67808381
 118.9539492  107.86014804 109.38643278 127.29774475 106.30271965
 192.01111133 125.9262697  134.48012844 107.93398741 182.87452325
 188.60985344 142.83495392 125.56092481 178.4741926  120.08553382
  71.66909127 105.21335992  93.96394231 128.617218   114.29368821
  97.91750473 169.65191199 144.61782569 106.56622952 140.12891069
  78.81727327 143.22006692  96.04153803 124.6718098   97.59022308
 109.6678694  130.52010642  98.43277993 165.52547228 105.45531362
 112.98273947 157.15708271 191.00433658 144.93887706 105.1019311
 107.49771229 164.49282854 138.45510745  76.42837549  76.97897745
 128.82838352 104.8262486  115.87060866 122.74181701 145.27456993
 103.10250295 100.68577525 126.22677176 120.44539103 115.05997166
 101.78955092  59.85152253 109.54331247 134.54511995 125.64138434
 116.67695935 101.0688371   99.88005074 107.84832532 110.48979128
 113.66985074 107.19760253 105.03523526 101.86269103 121.52953115
 111.36344833 120.61899934 173.07017703 130.25135195 118.9975424
  94.57024334 154.64111098 122.4545785  139.82384703 108.93629354
  79.84727996 137.0303732   99.71961472 122.08698633 105.60769019
  91.9882903  118.26374317 106.85019886 167.31590268 173.40163488
 139.57274468  91.64775097 116.14318375 107.30335075 106.9342465
 109.75081992 137.07864396 122.082581   193.31179976  90.6790881
 183.26240146 114.88236729 143.66098853 132.52377252  95.78540511
 106.72915306 136.88613601 105.49217615 189.02229349 119.76511616
 106.61082982 101.58774726  98.60369954 134.73167609 127.54917529
 152.77434578 141.13785749 153.97324413 126.34336572 128.39874914
 138.10751673  96.44538358 118.39676695 127.89682163 129.93907202
 128.67693979 130.32526509 173.43707708 119.39245021 181.59099801
 101.86931397 136.05726357 108.91450807 127.54610203 111.21413643
 127.56830682 174.10973705 143.15773685 108.31246879 120.93410701
 101.18981562 100.63831514 146.00935237 111.47406392 114.6324001
 115.58089943 118.24796302 120.50790725 112.67128848  97.73841562
  99.91617699 147.32264774 170.11730736  95.46703438 167.67880902
 113.20360379 165.20918682 134.95451409 120.23241478  42.35667119
 119.8507728   75.41945662 150.94711158 129.1111748  139.78468849
 189.43858166  88.32710195  79.824444   119.72104564 103.29122727
 121.61445292  98.94838436 155.16506345 110.24542367 147.68124882
 105.47967218 125.83192726  77.97982518 108.29511416 130.4963279
 110.36391595 104.44936797 189.80789225 170.69580165  85.224091
 141.73658796 109.46394669 123.25466684 167.46042845 127.44950047
 118.43173328  79.41472133 157.58768047 131.40868119  98.40831753
 118.61359227 115.676083   103.48838019 118.3582977  105.96597659
  92.3475874   97.63999172  91.51878461 159.13209238 125.81836585
 132.1541582  165.47428387 118.89904134 110.31369234 103.91583192
  97.15974574  91.24357544  82.49735815 149.17285856  89.72393572
 166.23552498 183.54525892  66.96570673  97.6749458   67.95096246
 106.75640331 101.94050334  99.10280727 106.46919002 133.43291147
 120.81474577 107.67021131 116.88546914 174.03573787 129.50102851
 122.15771641 114.56015839 137.59112132 113.72259578 104.24762541
 131.79163212 102.15833523 113.32707759  92.51275249 136.37085793
 151.21795759 136.64048895 182.46875377 132.67498944 112.40196192
 126.9083296   99.27878257 149.37991672 149.46794972 109.71877506
 102.42414817 153.2985033   79.12665915 131.83832174 111.01720211
  93.71607076 159.80591466 108.592973   102.07269502 129.85579116
  90.60150959 135.05071992 103.05404829 110.70772065 158.94231994
 113.58698529  90.97040276  94.18639829  98.90719724  94.96853067
  79.49175227 126.94298749 143.75288783 118.62237415 104.69237165
 167.97350756 130.86648567 121.34542036 100.59812011 108.79394052
 149.96377763 115.80787847 108.00674979 130.71999591 103.94196001
  97.36561225 143.33444493 143.02587458  81.93088348 142.08876407
  94.96586179 127.84412459 158.78393955 168.92201055  73.80402071
 155.76948762 150.31387863  90.18378154 133.82546199 125.01426534
 113.84462142 171.78152041 140.28414079 159.36683797 185.83732039
 108.60131867 106.41227292 113.98401609  68.99711599 107.21069865
 106.32976128 141.47878102  99.60818236  87.62699773 109.42633698
 106.32967861 118.93874592  97.60897969 139.92190143 118.99686713
 108.47518952 131.76730994 120.11634801 186.00055563  72.60454678
 121.14914128 104.65365215 106.44210636 112.29367727 105.71243006
 103.17879377  78.13571307 128.89857238 128.07259323 117.67152895
 145.96740644 100.7388777  115.02229942 106.78005712 105.2599549
 165.13275498 125.75634694 128.97421473 124.95283948 152.01384896
 129.61191671 103.20794201 133.09491205 112.2427427   95.08229289
  77.39905646  99.69865255 120.85553477 108.63318995 202.06248491
 123.13243358 104.77089683  83.51824973 120.77138294 114.68556168
 141.85072115 140.82985888 115.76539786 115.6900832  107.12824729
 140.571003   167.59290912 130.59742557 131.5904977   96.93626956
 129.07303771 103.54073302 169.41842605 105.00614615  97.85149048
 109.58355357  85.19962094  99.28158123  98.66773966 133.0962214
 107.06854534 118.19054619 135.27268372 127.45364437 113.43567988
 167.24067327  80.25229638 106.96223894  97.64028566 139.07941607
 151.94700659  85.15947705 122.44444944 104.58514382 131.62903747
 113.70332999 116.62763485 177.16505018 125.82013843 130.71508053
 152.50128923 134.49241872 102.91478295 102.06765082 166.63875368
 104.99723204 124.85361572 124.05650052 157.37589113 127.68957985
 134.09139762 123.82359162 100.04926068 127.18637464 106.3626932
 132.20086801  61.37512658 136.89412588  70.72046007 127.03268509
 153.08424977 100.06788158 135.16263198 102.32508487 114.10652793
 127.53486921  87.47258412 119.53823686  88.66367201 101.89645105
 113.62118183 126.16810926 142.39825457 176.89492374 115.68332564
  91.45900046 104.60223285 104.67807026  94.39790205  78.70457097
 104.8476128  103.64920887 128.87007047  87.00358183 121.74024881
 114.16274115 106.0092881  112.45085725 135.10944366  91.00267133
 130.24970262 114.7908631  128.57549319 170.86722238  92.58992363
 135.12771591  93.24165605 130.8021628  112.27838561  98.82925299
 103.8497501  107.69199916 123.32914043 106.15356728 104.12022732
 121.33539233 114.49070499 126.79013596  96.53623904 104.52724424
 109.34292099 126.03464869 106.92009622 129.4996555  121.41515672
 112.39184452 160.05108962 109.06896344 167.70013226 152.57469417
 139.57254199 143.51152191 105.22654891 101.87756045 123.1430488
 153.23369443 117.21395159  85.80711188 136.24162904 139.03421688
 134.24881218 213.97451548  99.05242875 165.43604102 112.54017382
 128.85041441  97.19499547 126.0764933  126.03161382 105.41891942
 156.39737701 180.49661113 100.73280599 138.93753148 114.01816016
 167.39896904 112.31955928 101.41260653  96.0885424  113.32843365
 128.04962216  97.95739408 119.27995648 125.56025037  73.54914622
 118.14011565 119.27971618 123.00301294 155.98461245 104.99699755
 133.09533895 143.02556975 103.8412095  106.94061075 108.36520851
 136.68543297 107.58839675 136.38589574  94.16641745 126.49198666
  93.20301784 108.71667057 112.79703921 148.6551656  127.18655696
 125.12302964  97.91407614  75.24226873  71.49373775 132.84478677
 110.85654971 136.89097138 116.39215463 174.53749999 118.89922433
 110.77856492 149.19723795 119.36382892 108.09913137 100.14215831
 103.72705703 158.73660891 127.00396247 102.85862603 114.98155868
 138.99680594 137.21884246 130.23634871 118.29754184 106.14150648
  99.66065169 128.13203995 137.55220287 110.41934888 134.36391705
 161.25515764 146.17053025  99.39922412 183.98058773 118.96991781
 111.1791274  184.25352907 117.23535991 116.16609575 120.66816223
 118.87556953 118.08257447 142.53535797 165.92658178  95.38386065
 115.31338537 120.86147409 160.67017814 181.45415026 146.32621073
 164.66492837 104.69215952 126.04158926 162.72998634  92.66326595
 100.08501165 103.71279287 117.97146043 117.62682837 104.69133084
 104.7760139  113.45712595 138.15543041  88.35350765 109.99269669
 163.07214044 116.39565412 160.07549435 129.96230959 102.52626346
  75.45511467 115.54923163 124.36278452 136.0290185   98.68501457
 102.29513877 143.33423018 165.10220837 147.02844614  61.34672045
 131.28967159 120.7062926  122.07300011 116.65703711 143.33929871
 145.37116187 159.7524362  126.14881883 111.71669447 170.05984656
 117.16804193 112.75241293  95.33391603 109.32271155 165.60037912
 119.46207656  89.95998667 116.25757445  53.29590238 109.45412563
 126.15072498 141.70962764  60.6723016  101.47607284 181.40165234
 120.8994373  107.21943722 135.15919945  48.88521439 121.00894427
 123.08459839 153.98964767 124.40600809 119.15483467 143.01352228
 124.95511907  87.88131068 115.93130967  46.19980286 114.48302456
  95.02605891 136.04947108 104.29163979 145.07559362 116.24149818
 117.38820426 119.78501409 128.14608663  99.95734798 173.44553501
 133.37971431 129.34464325  78.57584697 135.62052755 114.84260678
  92.38179478 116.33471284 104.5672189   87.70790056 123.22110003
 110.21372866 146.8448057  127.41504067  84.48968169 109.85560769
 111.95945581 129.35456468 110.52839962  93.81918149 146.13837769
 139.099048   127.25093896 109.62685015 132.64072412 141.60107946
  90.05075171 100.88473278 131.6089273  122.54321933 146.68361098
 140.80454132  77.36931842  96.35226509 101.37771989 141.69089885
 106.38767441  97.34175025 180.31059809 129.51801572 168.83918691
 145.66942917 125.3247174  133.40387229 128.8922037  104.28474562
  97.80468973  86.79893725 112.12044477 106.6347004  131.24141916
 120.0612657  113.97368711  81.64340635 115.70921503 123.83632506
 104.90993979 130.87746838  55.30894758 135.38800134 144.42303446
 119.14205232 129.3788751  122.61787536 104.07051484 120.83971801
 123.34102277  81.48795006 123.31606635 192.0284999  141.43988789
 159.41977819 129.01092089 140.51278441 120.6379093  152.33017572
 104.32916015 109.08478951 116.47081948  95.96810708 146.90169103
 136.94036757 103.16578347 107.82415973 111.08213576 167.86304879
 138.06075102  97.6604841  103.85630642 100.40656426  98.47091761
 100.80055082 123.27644398 106.2792564  120.08883229 115.71789417
  98.84617818 129.53818155  95.86958844 136.90500271 118.37301872
 126.08332168 103.51225735 186.74518887 162.79092313 119.09551068
 101.50347632  97.4342489  126.03630055 143.77321275 152.68542565
 112.2822444  103.99030639 162.69731697 174.3612865  106.80726723
  87.61991683 155.60437779 117.49265444 111.09381865 138.47358809
 114.76686699  92.4450374   87.97789569 106.63422204 183.19238635
 118.64473523 125.31295074 141.40529276 122.51210234 161.70166543
 121.10263497]"
0,Linear Regression,0.7322579696775973,0.7054309182576599,0.10519769122521615,0.10607828246218938,LinearRegression(),{},"[125.18339585 130.80827125 139.73447394 ... 107.66204671 130.5736786
 143.87444233]","[155.56657166 106.89514751 190.66756903 139.03999906 115.16783107
 127.35552108 173.52402763 118.83858694 117.48275341 108.69668195
  98.68231304  79.37761637 105.19196808 102.42330374  77.07745884
 141.45769776 107.6595861   70.36413524 157.62025609  84.48455123
 181.75902167 141.68737422 129.37318338 108.84541513 180.66781522
 101.56563711 101.89236749 124.23234464 137.62574972 177.10630606
 181.26752302 125.30294324 104.99646447 124.09833898 104.04857119
  95.43676381 174.41753483 189.87736789 116.65974967 129.61516142
  98.12951333 175.11507847 130.98340958 128.90206246 173.5097082
 161.92596404 110.5972992  111.57415921 106.14405647 105.92464054
 124.62932673  89.74350832 122.51192677 114.75659241 110.33784202
 107.98546261  94.82996666 148.32682438 113.73449316 103.68800851
 113.58578162 122.37475046 134.23456117 124.09293603 175.11730625
 170.48384332  81.95671517  84.29443149 120.25091338 141.71661358
  90.93740066 147.47558813 110.48792221 127.74146983 111.58283978
 162.47272607  99.11319626 137.09043537 142.89988934 122.27879718
 120.30377598 140.94251454 108.06033917 115.97386295 178.0462006
 130.24511152 130.55122104  88.03156872 105.97148922 137.11619037
 104.47972057 203.17541736 132.75218339 160.49061223  95.63015879
  95.46832496 105.37469464 102.3603253   92.42723077 107.59463395
 162.01234608 131.26468471 132.9089613  115.44916    110.47427497
 116.95897199 136.18350338  87.52306732 111.10562757 123.13725068
  91.57392352  95.98568344 109.26623908 156.27085565 129.92088102
 103.94401924 167.73540821 167.83819723 109.02837849  97.41545444
 175.7435129  138.89286684 162.71838661 117.27105328 109.14441697
 114.431511    79.26083316 122.65452742  97.88219753 140.06321348
 136.9298461  126.37864796  98.24086312 123.02945099 106.58895571
  65.1704987  128.98411638 109.91359066 103.90326654 119.47533165
  74.80882001 159.54288033 151.24609257 120.75028485 114.73320435
 130.83609007 113.47069475 130.41484208 101.23688686 123.41703812
 118.72691513 107.88172115 109.08062607 127.18025994 106.24314325
 192.39717188 125.90216528 134.4003551  107.79673867 183.48883639
 189.69441529 143.05389959 125.36728953 178.9792225  119.85766593
  71.63326431 105.2217171   93.94983547 128.61858332 114.04099445
  97.81676363 169.6605927  144.43520856 106.59367155 139.95574955
  78.57569694 143.19116363  95.93891729 124.5496459   97.33020071
 109.71355408 130.26057249  98.53172212 165.87096663 105.58046947
 113.01863667 157.10754622 191.28450985 144.8233739  105.24935212
 107.65197769 164.8181046  138.40155428  74.06581217  76.90154405
 128.75858345 104.79315593 115.86151103 122.60490255 145.52860073
 103.12525618 100.67604385 126.06374274 120.37520114 114.98423803
 101.71139969  59.91462668 109.4723647  134.58934058 125.57341325
 116.68863044 100.93859437  99.85170583 107.8202901  110.44757248
 113.70620034 107.15969566 105.04423396 101.95006642 121.48218199
 111.32992812 120.60173503 173.20202734 130.35004569 119.03343785
  94.6833164  154.56014728 122.37899113 139.69161958 108.83940962
  79.94832093 136.97191598  99.80639586 121.97987418 105.59995092
  91.75270777 118.39448171 106.74697662 167.48680294 173.51070157
 139.25379071  91.66012131 116.12568247 107.41686578 107.01851285
 109.61988259 137.22929679 121.95156138 193.48221856  90.85480282
 183.38627266 114.98966387 143.76183251 132.64446126  95.93653072
 106.65070807 136.69246788 105.48220695 189.29628086 121.07279359
 106.51324445 101.5918032   98.57190558 134.1619707  127.38805847
 152.51370933 141.19591932 154.00499866 126.3555431  128.4167886
 138.2495732   96.28371334 118.31809799 127.81664346 129.91136388
 128.7811352  130.3151954  173.42071832 119.37576664 182.09648212
 101.73890205 136.01707929 108.79731701 127.58390384 111.04829056
 127.60605043 174.03095803 143.19722838 108.24181116 120.89324973
 101.16908892 100.6428477  146.04136938 111.48124638 114.61205145
 115.50181542 118.18941547 120.50848017 112.69857203  97.93460831
  99.77854422 147.11381109 170.28086472  93.08820009 167.7699543
 113.15947299 165.94618579 134.83855362 120.22978852  42.37294794
 119.81921177  75.49088847 151.02482703 129.1155074  139.79212549
 189.55119725  88.50196863  79.88704219 119.63116762 103.24257789
 121.4380518   98.94842599 155.69714483 110.26322198 147.87348938
 105.53401844 125.85583487  78.06582362 108.10620873 130.46691904
 110.27661762 104.42600851 189.8578163  170.6560224   85.17735165
 141.6544775  109.43330188 123.29540127 168.06433455 127.48479254
 119.67997272  79.39521789 157.64838927 131.45432605  98.38131649
 118.59517059 115.67635428 103.47130274 118.24820305 105.94241222
  92.3253948   97.3866257   91.41607104 159.04035021 125.72433409
 132.18170968 165.41154083 118.77610734 110.36501151 104.01139077
  97.14958245  91.25311106  82.56683879 149.14996672  89.74134866
 166.57661256 183.5024051   67.05652721  97.83348092  65.40342915
 106.76859107 101.82938229  99.06970507 106.4730727  133.39113648
 120.63130838 107.61131156 114.65473706 174.00813581 129.60603706
 122.14304476 114.52140287 137.58953397 113.75239858 104.1073559
 131.65735871 102.12689816 113.47075588  92.34816749 136.37246907
 153.33102789 136.74334799 182.56085103 132.70719545 112.42027729
 126.64640877  99.42515936 149.46923734 149.5196629  109.73842546
 102.51682011 153.7729032   79.10791076 131.98939733 111.0652758
  93.68887329 160.18507738 108.66528379 102.11766811 129.92046073
  90.77063081 135.06671153 102.97829097 110.69169221 159.28991521
 113.50543844  90.97102324  94.2150557   98.83239813  94.97260664
  79.43098387 127.02155237 143.66665505 119.11046162 104.66246422
 168.53808879 130.77569301 121.24605484 100.55925722 108.68270144
 149.72927292 115.91934822 108.13003315 130.66823834 103.89762013
  97.43860656 143.44872359 143.07507384  81.94221212 142.09339729
  95.09036226 127.6440902  158.60201485 168.97042839  73.70634013
 156.07693664 150.40394987  90.23454245 133.96094774 125.03742102
 113.74454617 171.67623365 140.38127407 159.31766504 186.99352422
 108.60928685 106.38753875 114.0133844   68.74904934 107.16856572
 106.26042934 141.45389421  99.52218376  87.30544252 109.47518569
 107.28663336 118.7117517   97.55168644 140.09023616 118.91589918
 108.36178668 131.77270138 120.09130976 187.15633159  72.57015332
 121.56953409 104.79389503 106.58216274 112.31006939 105.67305206
 103.12808006  77.92989497 129.04812722 128.18998358 117.4259731
 145.78942358 100.83177526 115.00777093 106.78312497 105.31452113
 164.94146099 125.5690893  128.53993565 124.7498361  152.05422006
 129.0701847  103.19002187 133.09001978 112.28283297  95.25181547
  77.64802756  99.63253355 121.05191526 108.64376274 202.67579767
 122.97415717 104.87716986  83.6583955  120.39538119 114.66875746
 141.96875589 140.7387175  115.76695019 115.52818758 107.10145371
 140.48054012 167.70967028 130.58381321 131.5204718   96.7531505
 128.86755055 103.70523056 170.58959036 105.01455119  97.75092242
 109.60925641  85.2378238   99.24522018  98.66329783 133.17321018
 107.06081432 117.97230995 135.30072868 127.25658657 113.46880767
 167.11235862  80.1859098  107.00390742  97.59373015 139.17607618
 151.97973244  85.11290706 122.17435161 104.4830313  131.69182176
 113.70766033 116.59993113 177.23562803 125.86725046 130.68967403
 152.68089573 134.34960876 102.8976207  102.12225195 166.8507779
 105.04463045 124.87065079 123.87726765 157.60748172 127.58459331
 134.16309915 123.2653844   99.82843129 127.10701762 106.43528581
 132.22462205  30.0491898  136.98154836  70.69795396 127.03676017
 152.98952395  99.98067804 135.20585749 102.35149209 114.08800561
 127.18424842  87.62440524 119.55537756  88.64541665 101.90948524
 113.60348373 125.99619638 142.30634829 177.03326289 115.67297914
  91.92508517 104.69423195 104.66047791  94.39037223  78.70114023
 104.9429052  103.50585146 128.80243143  87.0040703  121.60250709
 113.99077428 105.95624173 112.43976577 135.16929953  91.13878908
 130.16581811 114.85064688 128.50530929 171.50017182  92.89741274
 134.53403622  93.3994492  130.77923702 112.15500281  98.86063399
 103.72901482 107.74148191 123.43642825 106.18935947 104.44273941
 121.10960705 114.60185322 126.9870739   96.65114092 104.63415592
 109.32659703 126.00184829 106.97489159 129.4428033  121.45860357
 112.38090771 160.36426236 109.07288205 167.81661238 152.59753371
 139.55555901 143.69338393 105.17721273 101.98511461 123.31632705
 153.92375077 117.19867323  85.75471487 136.24264521 139.02521794
 134.16983759 214.85139467  99.08579783 165.51692555 112.62608241
 128.73984112  97.16689393 126.22337541 126.00625685 105.50715767
 156.42125298 180.43665832 100.72591665 138.93379625 114.00105184
 167.17937008 112.3594482  101.45597142  96.20461776 113.45119343
 128.12499434  98.97041011 119.27229662 125.51887997  73.71268789
 118.08551127 118.95698748 122.45984719 156.05706842 104.93593008
 133.20685267 142.78082906 103.66643514 106.84047763 108.26302464
 136.46222419 107.55089841 136.46146807  94.15304884 126.54914526
  93.27165653 108.62607066 112.72327128 148.66240167 127.17300356
 125.03673606  97.80517956  75.01497132  71.50067409 132.67946348
 110.77415172 136.86253902 116.21402587 174.87432073 118.87958393
 110.87620268 149.09125113 119.35547309 108.1010028  100.20369816
 103.67135454 159.10722126 126.97658808 102.78093329 114.79716348
 138.54442063 137.02526264 130.33508178 118.23075711 105.7309111
  99.55145062 128.20719611 137.37454073 110.61128354 134.21571099
 161.51118102 146.18280152  99.39127668 183.97504027 118.91030784
 111.1313174  184.82947943 101.53966914 116.21973291 120.63397378
 118.99114868 117.82962359 142.5129002  166.03231971  95.39833032
 115.37487778 120.82562799 161.2536777  182.67026458 146.1928603
 164.78281241 104.6743556  125.93721842 163.28979593  92.67298499
 100.2318803  103.66353355 117.96689524 117.44785606 104.77386842
 104.79599687 113.36031815 138.07269769  88.52830511 109.90690965
 163.2814512  116.372272   160.70953793 129.83312936 102.72705228
  75.22725937 115.65200601 124.02047824 135.93965967  98.79099849
 102.36420452 143.26417071 165.60824301 148.04710577  30.02085813
 131.49788014 120.64213133 122.19121824 116.63138159 143.21721347
 145.3340917  159.88997567 126.17833198 111.49107631 170.38376417
 117.06639384 112.92167827  95.39017247 109.32308776 165.64130543
 119.26892262  89.97678089 116.24869382  53.27382439 109.48016772
 125.99671077 141.71997885  60.70887229 101.36600421 181.40224118
 120.85226099 107.4046446  135.21273066  48.86792925 121.05219752
 123.02349903 154.02135921 124.553292   119.1768073  142.88298636
 125.05864438  87.94627726 115.94958016  46.3402301  114.54759952
  95.0455167  136.2380749  104.04122115 145.20233141 116.08593031
 117.42332691 119.76349265 127.96769158  99.90269335 173.46697804
 133.3026923  129.30140491  78.56273407 135.53519455 114.72150518
  92.35951252 116.21889348 104.49146111  87.73059783 123.06980264
 110.19944188 146.8297257  127.49978394  84.39274432 109.74430544
 111.96866913 129.12518345 110.48607962  93.67136507 146.04040861
 139.06482793 127.20435737 109.8015556  132.56330449 141.87172074
  90.10164262 101.33964704 131.14506885 122.54462707 146.56800523
 140.74099353  77.29654834  93.79730383 101.73070326 141.9613047
 106.42263623  97.36120287 180.43634847 129.05300364 168.82131486
 145.60728624 125.23049435 133.46317195 128.81802171 104.23787805
  97.59173252  86.93936206 112.0071613  106.52783151 131.12003355
 121.35438279 113.92023758  81.50731154 115.65732192 123.82564581
 104.9987012  130.74423323  55.42279538 134.98742412 144.32247483
 119.05127275 129.3452757  122.70568198 104.04253819 120.6145379
 123.08022795  81.49841394 123.18238512 192.32912033 141.13711433
 159.52778901 129.21355335 140.88638975 120.45170558 152.24210493
 104.22806876  77.72558811 116.42733604  95.98488096 146.90071024
 136.96574825 102.96228669 107.66599681 110.98098728 167.95371115
 137.98059256  97.59886411 103.85193902 100.37877877  98.62736636
 100.58132045 123.04487684 106.28278343 120.18602096 115.81406809
  98.84126863 129.51298085  95.98204597 137.03215623 118.19598146
 126.04844342 103.360756   186.83138146 162.87561804 119.09297162
 101.47648803  97.55514379 126.02238272 143.87376258 152.51963519
 112.22962139 103.95260801 162.92880122 174.87572098 106.73745278
  87.59284409 155.58830857 117.57155833 111.14169152 138.56436642
 114.81070256  92.53417286  87.87516563 106.65091454 183.31644106
 118.51734988 124.81936358 141.26522162 122.2729756  161.91578858
 121.1489529 ]"
3,Decision Tree,0.7885945382372188,0.6996423442968625,0.09002956458793415,0.10275907910215543,"DecisionTreeRegressor(max_depth=8, min_samples_leaf=2, min_samples_split=8)","{'max_depth': 8, 'min_samples_leaf': 2, 'min_samples_split': 8}","[144.15533981 129.60472973 136.61290323 ... 123.45652174 134.75438596
 153.53658537]","[165.83333333 114.02285714 185.2        129.60472973 110.64615385
 116.93939394 193.         114.02285714 106.25974026 107.68965517
 109.32450331  68.16666667 118.08737864  99.54330709  38.
 118.08737864 112.71428571  95.78947368 147.93548387 109.32450331
 196.74193548 173.2        123.45652174 114.02285714 172.66666667
 110.64615385  95.78947368 119.         132.57894737 166.45454545
  89.         110.64615385 114.02285714 129.60472973 107.72727273
  95.78947368 195.8        185.2        114.02285714 116.93939394
 114.02285714 196.74193548 136.61290323 136.47058824 166.45454545
 160.5        114.02285714 123.45652174  94.79411765  96.7578125
 123.45652174  96.7578125  118.08737864 117.58139535  99.54330709
 109.32450331  99.54330709 152.22222222 114.13157895 125.68292683
 114.02285714 117.58139535 129.60472973 114.02285714 195.8
 185.2         95.78947368 117.13636364 123.45652174 135.22222222
  96.7578125  129.60472973 106.25974026 129.60472973 110.64615385
 173.28571429  95.78947368 136.61290323 151.95121951  71.
 136.61290323 143.50819672 110.64615385 123.45652174 196.74193548
 136.61290323 111.60273973 132.6        106.25974026 151.95121951
 114.02285714 172.66666667 133.44444444 172.11764706  92.375
  80.5         95.78947368 112.95833333  95.78947368 123.45652174
 140.         129.60472973 111.60273973 118.08737864  75.75
 107.15       136.47058824  90.5        110.64615385 112.71428571
  99.54330709 114.02285714 123.45652174 202.8        136.61290323
 123.45652174 137.42857143 166.45454545 114.02285714  95.78947368
 186.56521739 129.60472973 173.28571429 109.32450331 109.32450331
 110.64615385  95.78947368 115.88235294 106.25974026 152.6
 136.61290323 117.58139535 122.4        116.93939394 112.95833333
  60.6        107.15       110.64615385  60.         112.71428571
  93.22222222 172.11764706 140.         114.02285714 117.58139535
 129.60472973 109.32450331 136.61290323  99.54330709 123.45652174
 118.08737864 114.02285714 109.32450331 118.08737864 123.45652174
 173.28571429 123.45652174 136.61290323 117.13636364 172.11764706
 189.4        144.15533981 136.5        153.53658537 118.08737864
  62.85714286 109.32450331  99.54330709 143.50819672 110.64615385
  99.54330709 147.93548387 143.73529412  99.54330709 151.95121951
  51.85714286 132.35        99.54330709 136.61290323  95.78947368
  99.54330709 136.5         95.78947368 154.          95.78947368
 107.68965517 144.15533981 195.8        143.73529412 114.13157895
  95.78947368 172.66666667 152.4         94.79411765  94.79411765
 118.08737864 106.25974026 118.08737864 118.08737864 143.50819672
  95.78947368 114.02285714 121.46153846 136.61290323 123.45652174
  99.54330709  62.85714286 117.58139535 129.60472973 115.71428571
 110.64615385  95.78947368 109.32450331 116.93939394 110.64615385
 109.32450331 106.25974026 106.25974026 103.78461538 114.02285714
 118.08737864 123.45652174 147.93548387 129.60472973 129.60472973
  95.78947368 147.93548387 117.58139535 136.61290323 117.58139535
  83.28571429 129.60472973  90.5        110.64615385 114.02285714
 109.32450331 129.60472973 114.02285714 137.42857143 186.56521739
 137.          95.78947368 117.58139535  95.78947368 123.45652174
 112.95833333 144.15533981 131.28571429 206.75        95.78947368
 185.2        107.72727273 111.60273973 136.61290323  95.78947368
 103.78461538 134.75438596 112.95833333 185.2        125.68292683
 117.58139535  94.79411765  99.54330709 144.15533981 136.61290323
 137.         118.08737864 143.50819672 125.68292683 129.60472973
 129.60472973 118.08737864 136.61290323 114.02285714 151.
 116.93939394 129.60472973 186.56521739 112.71428571 172.11764706
  95.78947368 134.75438596 109.32450331 117.58139535 110.64615385
 117.58139535 202.8        129.60472973  95.78947368  96.7578125
  99.54330709  84.04347826 129.60472973 114.13157895 106.25974026
 118.08737864 110.64615385 114.02285714 112.71428571  95.78947368
 109.32450331 158.17391304 137.42857143 109.32450331 183.66666667
  95.78947368 172.66666667 129.60472973 136.61290323  40.5
 123.45652174  68.16666667 153.53658537 136.61290323 152.4
 206.75        95.78947368  60.         123.45652174 114.02285714
 118.08737864  99.54330709 143.73529412  99.54330709 160.5
  95.78947368 118.08737864  95.78947368 117.58139535 136.61290323
 118.08737864 112.95833333 196.74193548 154.          80.54545455
 136.47058824 114.02285714 117.58139535 136.61290323 129.60472973
 112.95833333  70.16666667 173.28571429 116.93939394 110.64615385
 106.25974026 129.60472973 114.02285714 117.58139535 110.64615385
  99.54330709  57.          96.7578125  152.22222222 116.93939394
 129.60472973 140.         122.4         96.7578125  103.78461538
  99.54330709  96.7578125   94.79411765 140.          95.78947368
 185.2        196.74193548  38.          95.78947368 110.64615385
 109.32450331 109.32450331  99.54330709 110.64615385 129.60472973
 109.32450331 109.32450331 130.33333333 196.74193548 129.60472973
 123.45652174 117.58139535 129.60472973 117.13636364 110.64615385
 134.75438596 114.02285714 129.60472973  96.7578125  129.60472973
 144.33333333 129.60472973 196.74193548 145.16666667 114.13157895
 132.6        117.13636364 136.61290323 144.15533981 114.02285714
 103.78461538 143.50819672  70.16666667 123.45652174  99.54330709
  96.7578125  137.         103.78461538  83.28571429 117.58139535
  95.78947368 132.35       110.64615385 107.15       136.61290323
 117.58139535 106.25974026  99.54330709  99.54330709 106.25974026
  95.78947368 123.45652174 136.61290323 117.58139535 110.64615385
 151.95121951 129.60472973 114.02285714  95.78947368 109.32450331
 145.16666667 109.32450331 103.78461538 116.93939394 106.25974026
 112.71428571 143.50819672 129.60472973  94.79411765 136.61290323
  95.78947368 136.61290323 151.95121951 147.93548387  52.
 154.66666667 166.45454545  96.7578125  136.61290323 129.60472973
 114.02285714 202.8        129.60472973 143.50819672 189.4
 114.02285714 110.64615385 112.71428571  72.83333333 106.25974026
 106.25974026 134.75438596 117.58139535  57.         117.58139535
 109.32450331 118.08737864  96.7578125  123.45652174 123.45652174
 106.25974026 127.         123.45652174 189.4        109.32450331
 114.02285714  95.78947368 111.60273973 109.32450331 110.64615385
 129.60472973  52.         136.61290323 129.60472973 118.08737864
 158.17391304  95.78947368 114.02285714 110.64615385  96.7578125
 158.17391304 118.08737864 143.50819672 123.45652174 137.5
 132.6        117.58139535 123.45652174 109.32450331  95.78947368
  95.78947368 109.32450331 106.25974026 110.64615385 197.2
 123.45652174  92.375       96.33333333 122.4        123.45652174
 134.75438596 134.75438596 114.02285714 112.71428571 109.32450331
 134.75438596 137.42857143 116.93939394 133.44444444 103.78461538
 123.45652174 103.78461538 144.15533981 109.32450331  99.54330709
 107.72727273  84.04347826  99.54330709 114.02285714 129.60472973
 109.32450331 118.08737864 144.15533981 134.75438596 110.64615385
  89.          72.28571429 112.71428571 106.25974026 144.15533981
 147.93548387  80.54545455 123.45652174 123.45652174 129.60472973
 114.13157895 114.02285714  89.         129.60472973 125.68292683
 166.45454545 112.95833333  95.78947368 106.25974026 135.22222222
 112.71428571 129.60472973 129.60472973 144.15533981 125.68292683
 143.50819672 144.15533981 110.64615385 158.17391304 107.72727273
 136.61290323  95.78947368 144.15533981  72.83333333 136.47058824
 129.60472973 117.58139535 129.60472973 110.64615385 117.58139535
 118.08737864  95.78947368 118.08737864 100.         106.25974026
 106.25974026 134.75438596 143.50819672 173.28571429  58.
 106.25974026 114.13157895 107.15        94.79411765  60.25
 136.61290323 109.32450331 129.60472973  94.79411765 123.45652174
 117.58139535 125.         117.58139535 132.57894737  75.75
 136.61290323 109.32450331 125.68292683 172.11764706  96.33333333
 166.45454545  95.78947368 109.28571429 107.15        99.54330709
 109.32450331  95.78947368 132.57894737 114.02285714 109.32450331
 123.45652174 120.08333333  95.78947368  95.78947368  92.375
 117.13636364 136.47058824 123.45652174 123.45652174 112.71428571
 117.58139535 143.8        123.45652174 137.42857143 166.45454545
 134.75438596 134.75438596  99.54330709  96.7578125  143.50819672
 144.15533981 123.45652174  92.375      143.73529412 132.57894737
 133.44444444 201.66666667  95.78947368 183.66666667 114.13157895
 136.61290323  99.54330709 107.         134.75438596 123.45652174
 173.28571429 202.8        114.02285714 158.2        123.45652174
 154.         109.32450331 112.95833333  95.78947368 111.60273973
  71.          96.7578125  114.02285714 129.60472973  83.28571429
 114.02285714 122.55555556 144.15533981 144.15533981  95.78947368
 129.60472973 151.95121951 114.02285714 110.64615385 117.58139535
 136.61290323 110.64615385 143.73529412 109.32450331 129.60472973
 111.60273973 110.64615385 110.64615385 143.73529412 132.35
 107.15        73.4         96.7578125   38.         136.61290323
  96.7578125  129.60472973 121.46153846 166.45454545 110.64615385
 103.78461538 136.61290323 145.16666667 109.32450331  95.78947368
 109.32450331 143.50819672 123.45652174 107.68965517 123.45652174
 132.16666667 136.61290323 129.60472973 114.02285714  93.53333333
 114.02285714 136.61290323 136.61290323 103.78461538 117.58139535
 154.66666667 138.5         95.78947368 196.74193548 129.60472973
 114.02285714 188.         129.60472973 112.71428571 107.15
 123.45652174 123.45652174 111.60273973 155.          99.54330709
 103.78461538 120.14285714 172.11764706 172.11764706 151.95121951
 153.53658537  99.54330709 115.88235294 123.45652174  99.54330709
  95.78947368 114.02285714 112.71428571 123.45652174  95.78947368
 110.64615385 107.15       151.95121951  95.78947368 112.95833333
 172.66666667 123.45652174 160.5        129.60472973  95.78947368
  96.7578125   96.7578125  118.08737864 136.61290323  96.7578125
  92.375      143.73529412 151.95121951 165.83333333  95.78947368
  58.         129.60472973 129.60472973 106.25974026 143.73529412
 134.75438596 172.11764706 129.60472973 109.32450331 197.8
 114.02285714  95.78947368  92.375      117.58139535 186.56521739
 123.45652174  95.78947368 109.32450331  60.6        107.72727273
 118.08737864 134.75438596  38.         110.64615385 186.56521739
 114.13157895  95.78947368 129.60472973  60.6        125.68292683
 117.58139535 143.50819672 129.60472973 117.58139535 136.61290323
 129.60472973  80.54545455 110.64615385  84.04347826 118.08737864
 111.60273973 143.50819672 110.64615385 144.15533981 118.08737864
 114.02285714 117.58139535 117.58139535  95.78947368 183.66666667
 123.45652174 136.47058824  90.5        132.35       117.13636364
  99.54330709  96.7578125  114.02285714  95.78947368 117.58139535
 114.02285714 138.5        115.88235294  61.5        110.64615385
 120.08333333 117.58139535 110.64615385  96.7578125  136.61290323
 129.60472973 114.02285714  95.78947368 123.45652174 120.6
  70.16666667  99.54330709 120.14285714 125.68292683 154.
 134.75438596  70.16666667 118.08737864 118.73913043 120.6
 106.25974026  80.5        173.28571429 118.08737864 186.56521739
 151.95121951 111.60273973 129.60472973 118.08737864  99.54330709
 117.58139535  95.78947368 106.25974026  93.53333333 129.60472973
 112.71428571 129.60472973  94.79411765 110.64615385 118.08737864
  95.78947368 134.75438596  59.5        120.14285714 173.2
 125.68292683 123.45652174 120.14285714 112.95833333 118.08737864
 151.95121951  96.7578125  123.45652174 206.75       134.75438596
 143.50819672 129.60472973 123.45652174 118.08737864 202.8
 114.02285714 132.6        116.93939394  84.04347826 147.93548387
 136.61290323 110.64615385 117.58139535 110.64615385 183.66666667
 151.95121951  99.54330709  96.7578125   92.375       95.78947368
  96.7578125  121.46153846  95.78947368 109.28571429 129.60472973
 114.02285714 132.57894737  95.78947368 132.57894737 109.32450331
 132.57894737  95.78947368 173.28571429 166.45454545 106.25974026
 106.25974026  95.78947368 114.02285714 111.60273973 152.4
 112.95833333 106.25974026 143.8        134.75438596 110.64615385
 127.         143.50819672 123.45652174  99.54330709 125.68292683
 115.88235294  95.78947368  96.7578125  112.95833333 185.2
 123.45652174 129.60472973 134.75438596 103.78461538 160.5
 103.78461538]"
